UserID,Email,Password
1,user1@gmail.com,Pwd1@1
2,user2@gmail.com,Pwd2@2
3,user3@gmail.com,Pwd3@3
4,user4@gmail.com,Pwd4@4
5,user5@gmail.com,Pwd5@5
6,user6@gmail.com,Pwd6@6
7,user7@gmail.com,Pwd7@7
8,user8@gmail.com,Pwd8@8
9,user9@gmail.com,Pwd9@9
10,user10@gmail.com,Pwd10@10
11,user11@gmail.com,Pwd11@11
12,user12@gmail.com,Pwd12@12
13,user13@gmail.com,Pwd13@13
14,user14@gmail.com,Pwd14@14
15,user15@gmail.com,Pwd15@15
16,user16@gmail.com,Pwd16@16
17,user17@gmail.com,Pwd17@17
18,user18@gmail.com,Pwd18@18
19,user19@gmail.com,Pwd19@19
20,user20@gmail.com,Pwd20@20
21,user21@gmail.com,Pwd21@21
22,user22@gmail.com,Pwd22@22
23,user23@gmail.com,Pwd23@23
24,user24@gmail.com,Pwd24@24
25,user25@gmail.com,Pwd25@25
26,user26@gmail.com,Pwd26@26
27,user27@gmail.com,Pwd27@27
28,user28@gmail.com,Pwd28@28
29,user29@gmail.com,Pwd29@29
30,user30@gmail.com,Pwd30@30
31,user31@gmail.com,Pwd31@31
32,user32@gmail.com,Pwd32@32
33,user33@gmail.com,Pwd33@33
34,user34@gmail.com,Pwd34@34
35,user35@gmail.com,Pwd35@35
36,user36@gmail.com,Pwd36@36
37,user37@gmail.com,Pwd37@37
38,user38@gmail.com,Pwd38@38
39,user39@gmail.com,Pwd39@39
40,user40@gmail.com,Pwd40@40
41,user41@gmail.com,Pwd41@41
42,user42@gmail.com,Pwd42@42
43,user43@gmail.com,Pwd43@43
44,user44@gmail.com,Pwd44@44
45,user45@gmail.com,Pwd45@45
46,user46@gmail.com,Pwd46@46
47,user47@gmail.com,Pwd47@47
48,user48@gmail.com,Pwd48@48
49,user49@gmail.com,Pwd49@49
50,user50@gmail.com,Pwd50@50
51,user51@gmail.com,Pwd51@51
52,user52@gmail.com,Pwd52@52
53,user53@gmail.com,Pwd53@53
54,user54@gmail.com,Pwd54@54
55,user55@gmail.com,Pwd55@55
56,user56@gmail.com,Pwd56@56
57,user57@gmail.com,Pwd57@57
58,user58@gmail.com,Pwd58@58
59,user59@gmail.com,Pwd59@59
60,user60@gmail.com,Pwd60@60
61,user61@gmail.com,Pwd61@61
62,user62@gmail.com,Pwd62@62
63,user63@gmail.com,Pwd63@63
64,user64@gmail.com,Pwd64@64
65,user65@gmail.com,Pwd65@65
66,user66@gmail.com,Pwd66@66
67,user67@gmail.com,Pwd67@67
68,user68@gmail.com,Pwd68@68
69,user69@gmail.com,Pwd69@69
70,user70@gmail.com,Pwd70@70
71,user71@gmail.com,Pwd71@71
72,user72@gmail.com,Pwd72@72
73,user73@gmail.com,Pwd73@73
74,user74@gmail.com,Pwd74@74
75,user75@gmail.com,Pwd75@75
76,user76@gmail.com,Pwd76@76
77,user77@gmail.com,Pwd77@77
78,user78@gmail.com,Pwd78@78
79,user79@gmail.com,Pwd79@79
80,user80@gmail.com,Pwd80@80
81,user81@gmail.com,Pwd81@81
82,user82@gmail.com,Pwd82@82
83,user83@gmail.com,Pwd83@83
84,user84@gmail.com,Pwd84@84
85,user85@gmail.com,Pwd85@85
86,user86@gmail.com,Pwd86@86
87,user87@gmail.com,Pwd87@87
88,user88@gmail.com,Pwd88@88
89,user89@gmail.com,Pwd89@89
90,user90@gmail.com,Pwd90@90
91,user91@gmail.com,Pwd91@91
92,user92@gmail.com,Pwd92@92
93,user93@gmail.com,Pwd93@93
94,user94@gmail.com,Pwd94@94
95,user95@gmail.com,Pwd95@95
96,user96@gmail.com,Pwd96@96
97,user97@gmail.com,Pwd97@97
98,user98@gmail.com,Pwd98@98
99,user99@gmail.com,Pwd99@0
100,user100@gmail.com,Pwd100@1
101,user101@gmail.com,Pwd101@2
102,user102@gmail.com,Pwd102@3
103,user103@gmail.com,Pwd103@4
104,user104@gmail.com,Pwd104@5
105,user105@gmail.com,Pwd105@6
106,user106@gmail.com,Pwd106@7
107,user107@gmail.com,Pwd107@8
108,user108@gmail.com,Pwd108@9
109,user109@gmail.com,Pwd109@10
110,user110@gmail.com,Pwd110@11
111,user111@gmail.com,Pwd111@12
112,user112@gmail.com,Pwd112@13
113,user113@gmail.com,Pwd113@14
114,user114@gmail.com,Pwd114@15
115,user115@gmail.com,Pwd115@16
116,user116@gmail.com,Pwd116@17
117,user117@gmail.com,Pwd117@18
118,user118@gmail.com,Pwd118@19
119,user119@gmail.com,Pwd119@20
120,user120@gmail.com,Pwd120@21
121,user121@gmail.com,Pwd121@22
122,user122@gmail.com,Pwd122@23
123,user123@gmail.com,Pwd123@24
124,user124@gmail.com,Pwd124@25
125,user125@gmail.com,Pwd125@26
126,user126@gmail.com,Pwd126@27
127,user127@gmail.com,Pwd127@28
128,user128@gmail.com,Pwd128@29
129,user129@gmail.com,Pwd129@30
130,user130@gmail.com,Pwd130@31
131,user131@gmail.com,Pwd131@32
132,user132@gmail.com,Pwd132@33
133,user133@gmail.com,Pwd133@34
134,user134@gmail.com,Pwd134@35
135,user135@gmail.com,Pwd135@36
136,user136@gmail.com,Pwd136@37
137,user137@gmail.com,Pwd137@38
138,user138@gmail.com,Pwd138@39
139,user139@gmail.com,Pwd139@40
140,user140@gmail.com,Pwd140@41
141,user141@gmail.com,Pwd141@42
142,user142@gmail.com,Pwd142@43
143,user143@gmail.com,Pwd143@44
144,user144@gmail.com,Pwd144@45
145,user145@gmail.com,Pwd145@46
146,user146@gmail.com,Pwd146@47
147,user147@gmail.com,Pwd147@48
148,user148@gmail.com,Pwd148@49
149,user149@gmail.com,Pwd149@50
150,user150@gmail.com,Pwd150@51
151,user151@gmail.com,Pwd151@52
152,user152@gmail.com,Pwd152@53
153,user153@gmail.com,Pwd153@54
154,user154@gmail.com,Pwd154@55
155,user155@gmail.com,Pwd155@56
156,user156@gmail.com,Pwd156@57
157,user157@gmail.com,Pwd157@58
158,user158@gmail.com,Pwd158@59
159,user159@gmail.com,Pwd159@60
160,user160@gmail.com,Pwd160@61
161,user161@gmail.com,Pwd161@62
162,user162@gmail.com,Pwd162@63
163,user163@gmail.com,Pwd163@64
164,user164@gmail.com,Pwd164@65
165,user165@gmail.com,Pwd165@66
166,user166@gmail.com,Pwd166@67
167,user167@gmail.com,Pwd167@68
168,user168@gmail.com,Pwd168@69
169,user169@gmail.com,Pwd169@70
170,user170@gmail.com,Pwd170@71
171,user171@gmail.com,Pwd171@72
172,user172@gmail.com,Pwd172@73
173,user173@gmail.com,Pwd173@74
174,user174@gmail.com,Pwd174@75
175,user175@gmail.com,Pwd175@76
176,user176@gmail.com,Pwd176@77
177,user177@gmail.com,Pwd177@78
178,user178@gmail.com,Pwd178@79
179,user179@gmail.com,Pwd179@80
180,user180@gmail.com,Pwd180@81
181,user181@gmail.com,Pwd181@82
182,user182@gmail.com,Pwd182@83
183,user183@gmail.com,Pwd183@84
184,user184@gmail.com,Pwd184@85
185,user185@gmail.com,Pwd185@86
186,user186@gmail.com,Pwd186@87
187,user187@gmail.com,Pwd187@88
188,user188@gmail.com,Pwd188@89
189,user189@gmail.com,Pwd189@90
190,user190@gmail.com,Pwd190@91
191,user191@gmail.com,Pwd191@92
192,user192@gmail.com,Pwd192@93
193,user193@gmail.com,Pwd193@94
194,user194@gmail.com,Pwd194@95
195,user195@gmail.com,Pwd195@96
196,user196@gmail.com,Pwd196@97
197,user197@gmail.com,Pwd197@98
198,user198@gmail.com,Pwd198@0
199,user199@gmail.com,Pwd199@1
200,user200@gmail.com,Pwd200@2
201,user201@gmail.com,Pwd201@3
202,user202@gmail.com,Pwd202@4
203,user203@gmail.com,Pwd203@5
204,user204@gmail.com,Pwd204@6
205,user205@gmail.com,Pwd205@7
206,user206@gmail.com,Pwd206@8
207,user207@gmail.com,Pwd207@9
208,user208@gmail.com,Pwd208@10
209,user209@gmail.com,Pwd209@11
210,user210@gmail.com,Pwd210@12
211,user211@gmail.com,Pwd211@13
212,user212@gmail.com,Pwd212@14
213,user213@gmail.com,Pwd213@15
214,user214@gmail.com,Pwd214@16
215,user215@gmail.com,Pwd215@17
216,user216@gmail.com,Pwd216@18
217,user217@gmail.com,Pwd217@19
218,user218@gmail.com,Pwd218@20
219,user219@gmail.com,Pwd219@21
220,user220@gmail.com,Pwd220@22
221,user221@gmail.com,Pwd221@23
222,user222@gmail.com,Pwd222@24
223,user223@gmail.com,Pwd223@25
224,user224@gmail.com,Pwd224@26
225,user225@gmail.com,Pwd225@27
226,user226@gmail.com,Pwd226@28
227,user227@gmail.com,Pwd227@29
228,user228@gmail.com,Pwd228@30
229,user229@gmail.com,Pwd229@31
230,user230@gmail.com,Pwd230@32
231,user231@gmail.com,Pwd231@33
232,user232@gmail.com,Pwd232@34
233,user233@gmail.com,Pwd233@35
234,user234@gmail.com,Pwd234@36
235,user235@gmail.com,Pwd235@37
236,user236@gmail.com,Pwd236@38
237,user237@gmail.com,Pwd237@39
238,user238@gmail.com,Pwd238@40
239,user239@gmail.com,Pwd239@41
240,user240@gmail.com,Pwd240@42
241,user241@gmail.com,Pwd241@43
242,user242@gmail.com,Pwd242@44
243,user243@gmail.com,Pwd243@45
244,user244@gmail.com,Pwd244@46
245,user245@gmail.com,Pwd245@47
246,user246@gmail.com,Pwd246@48
247,user247@gmail.com,Pwd247@49
248,user248@gmail.com,Pwd248@50
249,user249@gmail.com,Pwd249@51
250,user250@gmail.com,Pwd250@52
251,user251@gmail.com,Pwd251@53
252,user252@gmail.com,Pwd252@54
253,user253@gmail.com,Pwd253@55
254,user254@gmail.com,Pwd254@56
255,user255@gmail.com,Pwd255@57
256,user256@gmail.com,Pwd256@58
257,user257@gmail.com,Pwd257@59
258,user258@gmail.com,Pwd258@60
259,user259@gmail.com,Pwd259@61
260,user260@gmail.com,Pwd260@62
261,user261@gmail.com,Pwd261@63
262,user262@gmail.com,Pwd262@64
263,user263@gmail.com,Pwd263@65
264,user264@gmail.com,Pwd264@66
265,user265@gmail.com,Pwd265@67
266,user266@gmail.com,Pwd266@68
267,user267@gmail.com,Pwd267@69
268,user268@gmail.com,Pwd268@70
269,user269@gmail.com,Pwd269@71
270,user270@gmail.com,Pwd270@72
271,user271@gmail.com,Pwd271@73
272,user272@gmail.com,Pwd272@74
273,user273@gmail.com,Pwd273@75
274,user274@gmail.com,Pwd274@76
275,user275@gmail.com,Pwd275@77
276,user276@gmail.com,Pwd276@78
277,user277@gmail.com,Pwd277@79
278,user278@gmail.com,Pwd278@80
279,user279@gmail.com,Pwd279@81
280,user280@gmail.com,Pwd280@82
281,user281@gmail.com,Pwd281@83
282,user282@gmail.com,Pwd282@84
283,user283@gmail.com,Pwd283@85
284,user284@gmail.com,Pwd284@86
285,user285@gmail.com,Pwd285@87
286,user286@gmail.com,Pwd286@88
287,user287@gmail.com,Pwd287@89
288,user288@gmail.com,Pwd288@90
289,user289@gmail.com,Pwd289@91
290,user290@gmail.com,Pwd290@92
291,user291@gmail.com,Pwd291@93
292,user292@gmail.com,Pwd292@94
293,user293@gmail.com,Pwd293@95
294,user294@gmail.com,Pwd294@96
295,user295@gmail.com,Pwd295@97
296,user296@gmail.com,Pwd296@98
297,user297@gmail.com,Pwd297@0
298,user298@gmail.com,Pwd298@1
299,user299@gmail.com,Pwd299@2
300,user300@gmail.com,Pwd300@3
301,user301@gmail.com,Pwd301@4
302,user302@gmail.com,Pwd302@5
303,user303@gmail.com,Pwd303@6
304,user304@gmail.com,Pwd304@7
305,user305@gmail.com,Pwd305@8
306,user306@gmail.com,Pwd306@9
307,user307@gmail.com,Pwd307@10
308,user308@gmail.com,Pwd308@11
309,user309@gmail.com,Pwd309@12
310,user310@gmail.com,Pwd310@13
311,user311@gmail.com,Pwd311@14
312,user312@gmail.com,Pwd312@15
313,user313@gmail.com,Pwd313@16
314,user314@gmail.com,Pwd314@17
315,user315@gmail.com,Pwd315@18
316,user316@gmail.com,Pwd316@19
317,user317@gmail.com,Pwd317@20
318,user318@gmail.com,Pwd318@21
319,user319@gmail.com,Pwd319@22
320,user320@gmail.com,Pwd320@23
321,user321@gmail.com,Pwd321@24
322,user322@gmail.com,Pwd322@25
323,user323@gmail.com,Pwd323@26
324,user324@gmail.com,Pwd324@27
325,user325@gmail.com,Pwd325@28
326,user326@gmail.com,Pwd326@29
327,user327@gmail.com,Pwd327@30
328,user328@gmail.com,Pwd328@31
329,user329@gmail.com,Pwd329@32
330,user330@gmail.com,Pwd330@33
331,user331@gmail.com,Pwd331@34
332,user332@gmail.com,Pwd332@35
333,user333@gmail.com,Pwd333@36
334,user334@gmail.com,Pwd334@37
335,user335@gmail.com,Pwd335@38
336,user336@gmail.com,Pwd336@39
337,user337@gmail.com,Pwd337@40
338,user338@gmail.com,Pwd338@41
339,user339@gmail.com,Pwd339@42
340,user340@gmail.com,Pwd340@43
341,user341@gmail.com,Pwd341@44
342,user342@gmail.com,Pwd342@45
343,user343@gmail.com,Pwd343@46
344,user344@gmail.com,Pwd344@47
345,user345@gmail.com,Pwd345@48
346,user346@gmail.com,Pwd346@49
347,user347@gmail.com,Pwd347@50
348,user348@gmail.com,Pwd348@51
349,user349@gmail.com,Pwd349@52
350,user350@gmail.com,Pwd350@53
351,user351@gmail.com,Pwd351@54
352,user352@gmail.com,Pwd352@55
353,user353@gmail.com,Pwd353@56
354,user354@gmail.com,Pwd354@57
355,user355@gmail.com,Pwd355@58
356,user356@gmail.com,Pwd356@59
357,user357@gmail.com,Pwd357@60
358,user358@gmail.com,Pwd358@61
359,user359@gmail.com,Pwd359@62
360,user360@gmail.com,Pwd360@63
361,user361@gmail.com,Pwd361@64
362,user362@gmail.com,Pwd362@65
363,user363@gmail.com,Pwd363@66
364,user364@gmail.com,Pwd364@67
365,user365@gmail.com,Pwd365@68
366,user366@gmail.com,Pwd366@69
367,user367@gmail.com,Pwd367@70
368,user368@gmail.com,Pwd368@71
369,user369@gmail.com,Pwd369@72
370,user370@gmail.com,Pwd370@73
371,user371@gmail.com,Pwd371@74
372,user372@gmail.com,Pwd372@75
373,user373@gmail.com,Pwd373@76
374,user374@gmail.com,Pwd374@77
375,user375@gmail.com,Pwd375@78
376,user376@gmail.com,Pwd376@79
377,user377@gmail.com,Pwd377@80
378,user378@gmail.com,Pwd378@81
379,user379@gmail.com,Pwd379@82
380,user380@gmail.com,Pwd380@83
381,user381@gmail.com,Pwd381@84
382,user382@gmail.com,Pwd382@85
383,user383@gmail.com,Pwd383@86
384,user384@gmail.com,Pwd384@87
385,user385@gmail.com,Pwd385@88
386,user386@gmail.com,Pwd386@89
387,user387@gmail.com,Pwd387@90
388,user388@gmail.com,Pwd388@91
389,user389@gmail.com,Pwd389@92
390,user390@gmail.com,Pwd390@93
391,user391@gmail.com,Pwd391@94
392,user392@gmail.com,Pwd392@95
393,user393@gmail.com,Pwd393@96
394,user394@gmail.com,Pwd394@97
395,user395@gmail.com,Pwd395@98
396,user396@gmail.com,Pwd396@0
397,user397@gmail.com,Pwd397@1
398,user398@gmail.com,Pwd398@2
399,user399@gmail.com,Pwd399@3
400,user400@gmail.com,Pwd400@4
401,user401@gmail.com,Pwd401@5
402,user402@gmail.com,Pwd402@6
403,user403@gmail.com,Pwd403@7
404,user404@gmail.com,Pwd404@8
405,user405@gmail.com,Pwd405@9
406,user406@gmail.com,Pwd406@10
407,user407@gmail.com,Pwd407@11
408,user408@gmail.com,Pwd408@12
409,user409@gmail.com,Pwd409@13
410,user410@gmail.com,Pwd410@14
411,user411@gmail.com,Pwd411@15
412,user412@gmail.com,Pwd412@16
413,user413@gmail.com,Pwd413@17
414,user414@gmail.com,Pwd414@18
415,user415@gmail.com,Pwd415@19
416,user416@gmail.com,Pwd416@20
417,user417@gmail.com,Pwd417@21
418,user418@gmail.com,Pwd418@22
419,user419@gmail.com,Pwd419@23
420,user420@gmail.com,Pwd420@24
421,user421@gmail.com,Pwd421@25
422,user422@gmail.com,Pwd422@26
423,user423@gmail.com,Pwd423@27
424,user424@gmail.com,Pwd424@28
425,user425@gmail.com,Pwd425@29
426,user426@gmail.com,Pwd426@30
427,user427@gmail.com,Pwd427@31
428,user428@gmail.com,Pwd428@32
429,user429@gmail.com,Pwd429@33
430,user430@gmail.com,Pwd430@34
431,user431@gmail.com,Pwd431@35
432,user432@gmail.com,Pwd432@36
433,user433@gmail.com,Pwd433@37
434,user434@gmail.com,Pwd434@38
435,user435@gmail.com,Pwd435@39
436,user436@gmail.com,Pwd436@40
437,user437@gmail.com,Pwd437@41
438,user438@gmail.com,Pwd438@42
439,user439@gmail.com,Pwd439@43
440,user440@gmail.com,Pwd440@44
441,user441@gmail.com,Pwd441@45
442,user442@gmail.com,Pwd442@46
443,user443@gmail.com,Pwd443@47
444,user444@gmail.com,Pwd444@48
445,user445@gmail.com,Pwd445@49
446,user446@gmail.com,Pwd446@50
447,user447@gmail.com,Pwd447@51
448,user448@gmail.com,Pwd448@52
449,user449@gmail.com,Pwd449@53
450,user450@gmail.com,Pwd450@54
451,user451@gmail.com,Pwd451@55
452,user452@gmail.com,Pwd452@56
453,user453@gmail.com,Pwd453@57
454,user454@gmail.com,Pwd454@58
455,user455@gmail.com,Pwd455@59
456,user456@gmail.com,Pwd456@60
457,user457@gmail.com,Pwd457@61
458,user458@gmail.com,Pwd458@62
459,user459@gmail.com,Pwd459@63
460,user460@gmail.com,Pwd460@64
461,user461@gmail.com,Pwd461@65
462,user462@gmail.com,Pwd462@66
463,user463@gmail.com,Pwd463@67
464,user464@gmail.com,Pwd464@68
465,user465@gmail.com,Pwd465@69
466,user466@gmail.com,Pwd466@70
467,user467@gmail.com,Pwd467@71
468,user468@gmail.com,Pwd468@72
469,user469@gmail.com,Pwd469@73
470,user470@gmail.com,Pwd470@74
471,user471@gmail.com,Pwd471@75
472,user472@gmail.com,Pwd472@76
473,user473@gmail.com,Pwd473@77
474,user474@gmail.com,Pwd474@78
475,user475@gmail.com,Pwd475@79
476,user476@gmail.com,Pwd476@80
477,user477@gmail.com,Pwd477@81
478,user478@gmail.com,Pwd478@82
479,user479@gmail.com,Pwd479@83
480,user480@gmail.com,Pwd480@84
481,user481@gmail.com,Pwd481@85
482,user482@gmail.com,Pwd482@86
483,user483@gmail.com,Pwd483@87
484,user484@gmail.com,Pwd484@88
485,user485@gmail.com,Pwd485@89
486,user486@gmail.com,Pwd486@90
487,user487@gmail.com,Pwd487@91
488,user488@gmail.com,Pwd488@92
489,user489@gmail.com,Pwd489@93
490,user490@gmail.com,Pwd490@94
491,user491@gmail.com,Pwd491@95
492,user492@gmail.com,Pwd492@96
493,user493@gmail.com,Pwd493@97
494,user494@gmail.com,Pwd494@98
495,user495@gmail.com,Pwd495@0
496,user496@gmail.com,Pwd496@1
497,user497@gmail.com,Pwd497@2
498,user498@gmail.com,Pwd498@3
499,user499@gmail.com,Pwd499@4
500,user500@gmail.com,Pwd500@5
501,user501@gmail.com,Pwd501@6
502,user502@gmail.com,Pwd502@7
503,user503@gmail.com,Pwd503@8
504,user504@gmail.com,Pwd504@9
505,user505@gmail.com,Pwd505@10
506,user506@gmail.com,Pwd506@11
507,user507@gmail.com,Pwd507@12
508,user508@gmail.com,Pwd508@13
509,user509@gmail.com,Pwd509@14
510,user510@gmail.com,Pwd510@15
511,user511@gmail.com,Pwd511@16
512,user512@gmail.com,Pwd512@17
513,user513@gmail.com,Pwd513@18
514,user514@gmail.com,Pwd514@19
515,user515@gmail.com,Pwd515@20
516,user516@gmail.com,Pwd516@21
517,user517@gmail.com,Pwd517@22
518,user518@gmail.com,Pwd518@23
519,user519@gmail.com,Pwd519@24
520,user520@gmail.com,Pwd520@25
521,user521@gmail.com,Pwd521@26
522,user522@gmail.com,Pwd522@27
523,user523@gmail.com,Pwd523@28
524,user524@gmail.com,Pwd524@29
525,user525@gmail.com,Pwd525@30
526,user526@gmail.com,Pwd526@31
527,user527@gmail.com,Pwd527@32
528,user528@gmail.com,Pwd528@33
529,user529@gmail.com,Pwd529@34
530,user530@gmail.com,Pwd530@35
531,user531@gmail.com,Pwd531@36
532,user532@gmail.com,Pwd532@37
533,user533@gmail.com,Pwd533@38
534,user534@gmail.com,Pwd534@39
535,user535@gmail.com,Pwd535@40
536,user536@gmail.com,Pwd536@41
537,user537@gmail.com,Pwd537@42
538,user538@gmail.com,Pwd538@43
539,user539@gmail.com,Pwd539@44
540,user540@gmail.com,Pwd540@45
541,user541@gmail.com,Pwd541@46
542,user542@gmail.com,Pwd542@47
543,user543@gmail.com,Pwd543@48
544,user544@gmail.com,Pwd544@49
545,user545@gmail.com,Pwd545@50
546,user546@gmail.com,Pwd546@51
547,user547@gmail.com,Pwd547@52
548,user548@gmail.com,Pwd548@53
549,user549@gmail.com,Pwd549@54
550,user550@gmail.com,Pwd550@55
551,user551@gmail.com,Pwd551@56
552,user552@gmail.com,Pwd552@57
553,user553@gmail.com,Pwd553@58
554,user554@gmail.com,Pwd554@59
555,user555@gmail.com,Pwd555@60
556,user556@gmail.com,Pwd556@61
557,user557@gmail.com,Pwd557@62
558,user558@gmail.com,Pwd558@63
559,user559@gmail.com,Pwd559@64
560,user560@gmail.com,Pwd560@65
561,user561@gmail.com,Pwd561@66
562,user562@gmail.com,Pwd562@67
563,user563@gmail.com,Pwd563@68
564,user564@gmail.com,Pwd564@69
565,user565@gmail.com,Pwd565@70
566,user566@gmail.com,Pwd566@71
567,user567@gmail.com,Pwd567@72
568,user568@gmail.com,Pwd568@73
569,user569@gmail.com,Pwd569@74
570,user570@gmail.com,Pwd570@75
571,user571@gmail.com,Pwd571@76
572,user572@gmail.com,Pwd572@77
573,user573@gmail.com,Pwd573@78
574,user574@gmail.com,Pwd574@79
575,user575@gmail.com,Pwd575@80
576,user576@gmail.com,Pwd576@81
577,user577@gmail.com,Pwd577@82
578,user578@gmail.com,Pwd578@83
579,user579@gmail.com,Pwd579@84
580,user580@gmail.com,Pwd580@85
581,user581@gmail.com,Pwd581@86
582,user582@gmail.com,Pwd582@87
583,user583@gmail.com,Pwd583@88
584,user584@gmail.com,Pwd584@89
585,user585@gmail.com,Pwd585@90
586,user586@gmail.com,Pwd586@91
587,user587@gmail.com,Pwd587@92
588,user588@gmail.com,Pwd588@93
589,user589@gmail.com,Pwd589@94
590,user590@gmail.com,Pwd590@95
591,user591@gmail.com,Pwd591@96
592,user592@gmail.com,Pwd592@97
593,user593@gmail.com,Pwd593@98
594,user594@gmail.com,Pwd594@0
595,user595@gmail.com,Pwd595@1
596,user596@gmail.com,Pwd596@2
597,user597@gmail.com,Pwd597@3
598,user598@gmail.com,Pwd598@4
599,user599@gmail.com,Pwd599@5
600,user600@gmail.com,Pwd600@6
601,user601@gmail.com,Pwd601@7
602,user602@gmail.com,Pwd602@8
603,user603@gmail.com,Pwd603@9
604,user604@gmail.com,Pwd604@10
605,user605@gmail.com,Pwd605@11
606,user606@gmail.com,Pwd606@12
607,user607@gmail.com,Pwd607@13
608,user608@gmail.com,Pwd608@14
609,user609@gmail.com,Pwd609@15
610,user610@gmail.com,Pwd610@16
